DEMO-INDIVIDUAL-1,Малеев Владимир Иванович,
DEMO-INDIVIDUAL-2,ЖЫЧЕВ ЕВГЕНИЙ БОРИСОВИЧ,
DEMO-INDIVIDUAL-3,Козенкова Татьяна Андреевна,
DEMO-INDIVIDUAL-4,Карянова Римма Нигатовна,
DEMO-INDIVIDUAL-5,ИВАНОВА ТАТЬЯНА АЛЕКСАНДРОВНА,
DEMO-INDIVIDUAL-6,ПРИМАКОВ ЕВГЕНИЙ МАКСИМОВИЧ,
DEMO-INDIVIDUAL-8,Сидоров Сидр Сидорович,
DEMO-INDIVIDUAL-9,Петров Пётр Петрович,
DEMO-INDIVIDUAL-10,Иванов Иван Петрович,
DEMO-INDIVIDUAL-SUBTYPE-2,"""ASATTARIUS LIMITED"" (КИПР)",foreign
ccfa29346d0eb37ac0a24d67f1b41d5e980ba1e7,КАРЯНОВА ЛЮДМИЛА ВАСИЛЬЕВНА,
4a19b43eec86e34de71286ff8f801912576f0fb9,Карянова Римма Нигатовна,
1066f0110df697ad1c0b1481a42f5c49621d6b38,Иванов Иван Иванович,
BEN_IVAN,Иван Иванович Бенефициаров,
BEN_SERG,Сергей Сергеевич Сергеев,
BEN_IGOR,Игорь Игоревич Игорев,
BEN_NIK,Николай Николаевич Николаев,
BEN_ALEX,Александр Александрович Александров,
BEN_URIY,Юрий Юрьевич Юрьев,
FIND_TR_NODE1,Трейсов Иван Иванович,
FIND_TR_NODE2,Трейсов Петр Петрович,
LASTNAME-11,Гребеньков Александр Григорьевич,
LASTNAME-12,Гребенькова Елена Степановна,
LASTNAME-13,Гребеньков Виктор Андреевич,
LASTNAME-21,Гребеньков Сергей Александрович,
LASTNAME-22,Гребеньков Владимир Александрович,
LASTNAME-23,Гребенькова Светлана Александровна,
LASTNAME-24,Гребенькова Ирина Александровна,
LASTNAME-25,Гребеньков Александр Александрович,
KINSMAN-1,Смирнов Сергей Иванович,
KINSMAN-2,Смирнов Алексей Иванович,
KINSMAN-3,Смирнов Иван Владимирович,
571f9fcdc3eb326cd2fe6d516004d523d8d3ee9e,Егоров Алексей Владимирович,
cf2e185405bca02e4f3fce161c47b48ee2d88225,Куприянов-Егоров Алексей Владимирович,
